"","vars","n","mean","sd","median","trimmed","mad","min","max","range","skew","kurtosis","se"
"Excel_Skill",1,14,2.78571428571429,0.892582375303981,3,2.83333333333333,1.4826,1,4,3,-0.221388327012716,-0.948779878181951,0.238552674132884
"R_Skill",2,14,2.28571428571429,0.468807230938495,2,2.25,0,2,3,1,0.848875950306491,-1.36173469387755,0.125294002758147
"Python_Skill",3,14,1.5,0.85485041426511,1,1.33333333333333,0,1,4,3,1.715113415245,2.33349821923229,0.228468383365844
